<?xml version="1.0"?>
<!DOCTYPE hibernate-mapping PUBLIC 
    "-//Hibernate/Hibernate Mapping DTD 3.0//EN"
    "http://hibernate.sourceforge.net/hibernate-mapping-3.0.dtd">
<hibernate-mapping>
  <class name="mypack.Emp" table="emp">
	   <id name="empno" type="int" column="empno" >
	   <generator class="assigned"/>	   
	  </id>

	  <property name="ename">
		 <column name="ename" />
	  </property>
	  <property name="sal">
		<column name="sal"/>
	  </property>
	  </class>

</hibernate-mapping>